HEADLINE,URL
,
Bruised Dems Far From United on How To Move Forward,https://www.theguardian.com/us-news/2026/jun/06/democrats-win-back-voters
The National Guard and DC Crime: Inside the Numbers,https://www.realclearpolitics.com/articles/2026/06/06/did_deploying_the_national_guard_to_dc_really_stop_crime_154198.html
Cities Ditch ShotSpotter Tech That Has Worked To Catch Killers,https://amac.us/newsline/politics/liberal-cities-ditch-racist-tech-that-helps-cops-catch-killers/
Never Mind: UN Climate Forecast Shelved,https://www.washingtontimes.com/news/2026/jun/4/un-climate-forecast-shelved-implausible-central-lefts-arguments-years/
"Blackouts, Hyperinflation, Dissent: Iran Considers Peace",https://www.theguardian.com/world/2026/jun/06/blackouts-hyperinflation-dissent-iran-considers-perilous-prospect-of-peace
Can Democrats Learn From the 2024 Loss?,https://prospect.org/2026/06/05/can-democrats-learn-from-2024-loss-biden-harris-dnc/
"Remember the Lies of June 5, 2020--U.S. Still Recovering",https://nypost.com/2026/06/05/opinion/remember-june-5-when-the-elites-shattered-americas-trust/
Florida Moves To Block State Use of Media Rating Firms,https://www.dailysignal.com/2026/06/04/florida-to-block-media-blacklists/
"Paxton (R) 45, Talarico (D) 43",https://www.realclearpolling.com/polls/senate/general/2026/texas/talarico-vs-paxton
Gov: Abbott (R) +8,https://www.realclearpolling.com/polls/governor/general/2026/texas/abbott-vs-hinojosa
Supreme Court Can Fix Vote-Counting Delays,https://www.msn.com/en-us/news/politics/editorial-election-over-results-to-come-in-a-few-weeks/ar-AA24NG1W
"U.S. Should Seek Compromise With Cuba, Not Conquest",https://www.bloomberg.com/opinion/articles/2026-06-04/us-s-cuba-strategy-should-lean-into-compromise-not-confrontation
"Get Used to 'Bear Down, Hammond Bears'",https://sports.yahoo.com/articles/editorial-used-bear-down-hammond-200000445.html
AI Boom Needs Safer Nuclear Power,https://www.realclearenergy.org/articles/2026/06/04/ais_energy_boom_needs_safer_nuclear_power_1186935.html
Constitutional Carry Expands,https://www.realclearinvestigations.com/video/2026/06/05/constitutional_carry_expands_-_are_americans_safer_1187077.html
Bill Gates' Continuing Education,https://www.realcleareducation.com/articles/2026/06/04/bill_gates_continuing_education_1186859.html
Saving California Wouldn't Be Difficult,https://amgreatness.com/2026/06/04/can-california-still-be-saved/
China Controls Stuff Life Runs On. Breaking Free Will Cost You,https://www.realclearpolitics.com/articles/2026/06/05/china_controls_the_stuff_life_runs_on_breaking_free_will_cost_you.html
How a Pro-Worker Bill May Advance in the House,https://prospect.org/2026/06/04/how-pro-worker-bill-may-advance-in-the-house/
Trump Picks Todd Blanche for AG,https://www.realclearpolitics.com/video/2026/06/04/rcp_podcast_rubio_and_bessent_unleashed_miranda_devine_on_blanche_and_pulte_new_platner_scandal_california_still_cant_count.html
"Rubio, Bessent Show Weak Republicans How It's Done",https://thefederalist.com/2026/06/04/rubio-bessent-show-obsequious-gop-how-to-give-no-quarter-to-propagandists/
Even Nonbelievers Like Me Can Thank God for Pope Leo,https://www.theguardian.com/commentisfree/2026/jun/03/pope-leo-ai-technology
AI Order Walks Tightrope Between West Wing Factions,https://www.realclearpolitics.com/articles/2026/06/05/trumps_ai_order_walks_tightrope_between_west_wing_factions_154194.html
How AI Killed the Technocratic Bargain,https://datafortherepublic.com/articles/how-ai-killed-the-technocratic-bargain
Newsom's Gerrymander Power Play Fizzles,https://www.realclearpolitics.com/articles/2026/06/05/newsoms_gerrymander_power_play_fizzles_154197.html
